epoch,experiment,train_loss,val_loss,train_acc,val_acc
1,no_decay,2.0311783218383788,1.651677451133728,0.438125,0.725
2,no_decay,1.3164529371261597,1.0076723289489746,0.72875,0.81
3,no_decay,0.8518166947364807,0.7480443930625915,0.8075,0.8125
4,no_decay,0.654379551410675,0.6189022588729859,0.845625,0.8375
5,no_decay,0.5508595466613769,0.5686221265792847,0.86375,0.8425
6,no_decay,0.48657495975494386,0.5181883573532104,0.8775,0.85
7,no_decay,0.4349625861644745,0.47581772327423094,0.884375,0.8575
8,no_decay,0.4014501082897186,0.46343766689300536,0.895,0.85
9,no_decay,0.37556574046611785,0.46594820976257323,0.896875,0.86
10,no_decay,0.350464009642601,0.4732282781600952,0.904375,0.8475
11,no_decay,0.33822749614715575,0.43464428663253785,0.9025,0.8575
12,no_decay,0.313863622546196,0.42160764455795285,0.91375,0.875
13,no_decay,0.2985593211650848,0.40733244180679323,0.916875,0.8675
14,no_decay,0.27935924649238586,0.41673102855682376,0.920625,0.8675
15,no_decay,0.2684388643503189,0.4124791765213013,0.926875,0.875
16,no_decay,0.2522638136148453,0.39913817405700686,0.93375,0.8775
17,no_decay,0.24031294524669647,0.405627965927124,0.935,0.885
18,no_decay,0.226981742978096,0.40849204778671266,0.939375,0.8825
19,no_decay,0.2191724142432213,0.39564362049102786,0.945625,0.8925
20,no_decay,0.20935285747051238,0.4153708362579346,0.946875,0.88
1,weight decay,2.031247115135193,1.6518956661224364,0.438125,0.725
2,weight decay,1.3167748403549195,1.0080398035049438,0.72875,0.81
3,weight decay,0.8521785879135132,0.7483954620361328,0.806875,0.8125
4,weight decay,0.654733636379242,0.619240984916687,0.845625,0.8375
5,weight decay,0.5512075936794281,0.5689811420440674,0.864375,0.8425
6,weight decay,0.48695202231407164,0.5185368347167969,0.8775,0.85
7,weight decay,0.43535592675209045,0.4761642837524414,0.884375,0.8575
8,weight decay,0.4018679928779602,0.46371032238006593,0.895,0.85
9,weight decay,0.3760069113969803,0.46625753402709963,0.896875,0.86
10,weight decay,0.3509209883213043,0.4735379648208618,0.904375,0.8475
11,weight decay,0.3387220346927643,0.4349076366424561,0.9025,0.8575
12,weight decay,0.31437924623489377,0.42198905944824217,0.91375,0.875
13,weight decay,0.2991508907079697,0.40757672548294066,0.91625,0.8675
14,weight decay,0.2799739474058151,0.41708045959472656,0.92,0.8675
15,weight decay,0.2690665966272354,0.4126791596412659,0.926875,0.875
16,weight decay,0.2529252052307129,0.3993784308433533,0.93375,0.8775
17,weight decay,0.24100028216838837,0.40581236124038694,0.934375,0.885
18,weight decay,0.22773095846176147,0.40851869106292726,0.939375,0.8825
19,weight decay,0.21994586229324342,0.39567991971969607,0.945625,0.8925
20,weight decay,0.2101443439722061,0.41537060499191286,0.94625,0.8825
